case_id,maltreatment_narrative,severity_narrative,risk_narrative,safety_assessment_narrative,any_maltreatment,sexual_abuse,physical_abuse,physical_neglect_failure_to_provide,physical_neglect_lack_of_supervision,emotional_abuse,moral_legal_abuse,educational_abuse,sexual_abuse_severity,physical_abuse_severity,physical_neglect_failure_severity,physical_neglect_supervision_severity,emotional_abuse_severity,moral_legal_abuse_severity,educational_abuse_severity
462a23bf-cd1d-4197-864a-87377fd998a6,"According to statements from neighbors, they frequently heard loud yelling and sounds of physical altercation coming from the home over the past several months. One neighbor reported calling the police on multiple occasions after witnessing the father, John, violently shoving and hitting the child, Michael (age 8), in the front yard. Police were dispatched but no arrests were made. The mother, Sarah, corroborated that John has anger issues and frequently lashes out physically towards Michael, leaving bruises and marks. She stated that John 'loses control' and has hit Michael with objects like a belt or wooden spoon as punishment. Michael's teacher noticed frequent bruising and a black eye, and reported suspected abuse to child protective services after Michael disclosed that his father hits him. During a forensic interview, Michael provided a disturbing account of being routinely slapped, punched, and beaten with objects by his father, often for minor infractions like spilling food. Medical records document numerous injuries consistent with abuse over the past year. It appears this is a case of chronic and escalating physical abuse perpetrated by the father against his son.","This case represents an extremely severe situation. Key factors indicating the utmost severity include: the chronic and escalating pattern of physical violence over an extended period, the degree of physical injury caused by being routinely punched and beaten with objects, the vulnerability of the victim as a young child, the lack of remorse and continued denial by the perpetrator, the failure of the non-offending parent to take protective action, the risk of emotional trauma and negative developmental impacts, and the complete disregard for the child's safety and well-being. Immediate intervention and removal from the abusive environment is absolutely crucial.","There are limited protective factors in this case, as the father remains unremorseful and the mother is unable or unwilling to prevent the abuse from recurring. With the father having well-established patterns of violence and explosive behavior, and no meaningful steps taken to address these issues, the risk of continued and potentially more severe physical abuse is extremely high if the child remains in the home. The child's young age and complete dependence on his parents as caregivers exacerbates the risk.","Given the severity and chronic pattern of abuse, the degree of physical injury documented, and the clear and present danger posed by the perpetrator remaining in the home, this child cannot be considered safe in his current living situation. Leaving the child in this environment would represent a failure to protect and likely result in continued exposure to violence with potentially catastrophic consequences.",True,False,True,False,False,False,False,False,,5.0,,,,,
3a9d8c6e-a4a6-40cb-999d-5db84649520b,"On May 15th, a report was filed by a neighbor stating they heard loud yelling and thumping noises coming from the Smith residence around 9 PM. The neighbor reported seeing Mr. Smith storm out of the house shortly after. When police arrived, they found Mrs. Smith visibly shaken with bruising on her arms. She stated that during an argument, Mr. Smith had grabbed her forcefully and shoved her against the wall multiple times. Their 8-year-old son, Johnny, was present and corroborated his mother's account, adding that his father had also slapped him hard across the face when he tried to intervene. Both Johnny and Mrs. Smith had minor bruises and red marks consistent with their statements. In a separate interview, Mr. Smith admitted to 'getting physical' but claimed it was just pushing and shoving in the heat of the moment, denying any intentional hitting or punching occurred.","This case is assessed as moderate in severity. While the physical injuries sustained were relatively minor, the presence of domestic violence coupled with a child being directly physically abused is very concerning. The fact that the violence occurred in front of the child is also an aggravating factor. However, the lack of severe injuries, weapons involved, or evidence of a clear pattern of prolonged abuse prevents this case from being classified as severe at this stage. Close monitoring and intervention is warranted.","There are significant risk factors that suggest a high likelihood of future abuse if no intervention occurs. The parents' inability to resolve conflicts without resorting to violence, the normalization of physical aggression as disciplinary action, and the presence of domestic discord all increase risk. Protective factors like extended family support or community involvement are not evident. Without counseling, parenting education, and domestic violence resources, the child remains at serious risk.","Immediate safety concerns have been mitigated by removing the alleged offender from the home pending further investigation. The non-offending parent has been cooperative and is committed to protecting the child. However, a formal safety plan with strict supervision requirements should be implemented before considering reunification to prevent further incidents.",True,False,True,False,False,True,False,False,,3.0,,,3.0,,
41ffaf79-d4c9-4d48-ba7d-62ae1572bb87,"On May 15th, a report was received from Mrs. Johnson, a neighbor, stating that she heard loud yelling and what sounded like slapping noises coming from the Smith residence late in the evening. She expressed concern for the well-being of the two children, ages 8 and 10, who live there with their parents, Mr. and Mrs. Smith. 

Upon investigation, interviews were conducted with the family members. Mrs. Smith admitted to slapping her 8-year-old son, Tommy, twice across the face after he refused to go to bed and threw a tantrum. She stated that she ""lost her cool"" but did not intend to harm him. Tommy corroborated this account, showing slight redness on his cheek but no visible bruising or injuries. 

Mr. Smith was not present during the incident but expressed remorse for his wife's actions. The 10-year-old daughter, Samantha, reported witnessing the slapping and feeling scared, but she was not physically harmed. Both children stated that this was an isolated incident and that their parents have never hit them before.","This case is considered mild in severity based on the following factors:

1. The physical abuse was limited to two slaps across the face, resulting in temporary redness but no visible injuries or bruising.

2. The incident appears to be an isolated event and not part of a pattern of ongoing physical abuse.

3. Both parents acknowledged the inappropriate nature of the physical discipline and expressed remorse.

4. The children reported feeling safe in the home and did not express fear of future harm.

While any form of physical abuse is concerning, the lack of severe injuries, the isolated nature of the incident, and the parents' willingness to address the issue mitigate the severity in this particular case.","Based on the information gathered, the risk of future abuse appears to be low. Protective factors include the parents' acknowledgment of their inappropriate actions, their expressed remorse, and the lack of a history of physical abuse. Additionally, the children reported feeling safe in the home and did not express fear of future harm.","At present, there are no immediate safety concerns that would necessitate the removal of the children from the home. The parents have demonstrated an understanding of the inappropriateness of their actions, and the children have not reported feeling unsafe or at risk of further harm.",True,False,True,False,False,False,False,False,,2.0,,,,,
26123041-579d-4423-95a1-bf6119b3a9f9,"On March 15th, a call was received from a concerned neighbor reporting potential neglect at 123 Oak Street. The neighbor, Mrs. Johnson, stated that she frequently hears yelling and crying from the residence, occupied by the Smith family with two children aged 8 and 5. Upon visiting the home, I observed a cluttered living environment with minimal space for the children to play safely. Food remnants were scattered, and the overall condition appeared unsanitary. 

In speaking with Mrs. Smith, she admitted to occasionally 'losing her cool' with the children due to work stress but denied any physical abuse. She expressed feeling overwhelmed as a single parent. The children, when interviewed separately, corroborated instances of harsh verbal reprimands from their mother. However, they did not disclose any physical mistreatment. 

The older child, John, did share that meals are sometimes skipped, and they are occasionally left unsupervised for extended periods after school while their mother is at work. School reports indicate poor hygiene, frequent tardiness, and lack of preparedness for both children. The youngest child, Emily, exhibited signs of anxiety and appeared underdeveloped for her age during our interaction. No obvious signs of physical abuse were observed on either child.","This case is assessed as a mild incident of neglect. While the home environment raises concerns about adequate care and supervision, there are no substantiated allegations of physical or sexual abuse. The primary issues appear to be related to poor parenting stemming from the mother's high stress levels and lack of support as a single parent. 

The potential for emotional abuse through harsh verbal treatment is present but does not seem pervasive or extreme based on the children's accounts. Nutritional neglect and inadequate supervision are also factors, though the children do not appear to be in acute physical danger. Overall, this situation warrants intervention to improve the family's circumstances and ensure the children's needs are consistently met.","There is a moderate risk of future maltreatment if the current circumstances persist without intervention. The mother's admitted struggles with managing her responsibilities and the children's hygiene and school issues suggest an ongoing pattern of neglectful behavior. However, protective factors include the mother's willingness to acknowledge her difficulties and the absence of severe abuse allegations. With proper support services and parenting education, the risk could be mitigated.","Based on the information gathered, there are no immediate safety concerns that would warrant emergency removal of the children from the home at this time. While the living conditions are suboptimal, the children do not appear to be in imminent danger of physical harm. Continued monitoring and implementation of a safety plan involving community resources and support for the mother is recommended.",True,False,False,True,True,True,False,True,,,2.0,2.0,2.0,,2.0
60439004-a996-4f15-889d-74134fd30abf,"The allegations of educational neglect stem from multiple sources. Neighbors reported to the school that John (age 9) had frequently been seen playing outside during school hours over the past few months. The school confirmed that John's unexcused absences had spiked recently, with him missing around 25% of instructional days. When the school contacted the parents, Ms. Jones and Mr. Smith, they gave conflicting accounts - Ms. Jones claimed John had been sick, while Mr. Smith said there were family issues preventing him from attending. John's older sister Sarah (13) told a teacher that their parents often slept in late and didn't ensure John got ready for school. The parents denied all allegations, stating they valued education. A home visit found conditions were satisfactory apart from John not having a dedicated study space. Police reported being called once about a loud argument between the parents related to getting John to school.","This case represents a moderate level of severity. While the parents appear to be neglecting John's education, resulting in him missing a significant number of school days, there are no indications of malicious intent or severe deprivation. The home environment seems relatively stable apart from the school attendance issue. John does not appear to be experiencing other forms of maltreatment at this time. However, the educational neglect could have long-term impacts on his academic performance and general well-being if allowed to continue unchecked.","There are indications that John may be at ongoing risk of educational neglect. The parents have not acknowledged responsibility and provided conflicting explanations, suggesting they may not be committed to resolving the issue. Their apparent struggles with consistent parenting could persist. However, the family's situation does not seem acutely unstable, and they may be amenable to support services to get John regularly attending school.","Based on the information gathered, there are no acute safety concerns regarding John at this time. His home environment appears stable, and there are no known risks of severe physical abuse, sexual abuse, or exposure to other dangers. He has supportive structures in place like his older sister and neighbors who have expressed concerns about his well-being.",True,False,False,False,False,False,False,True,,,,,,,3.0
